itration,accuracy
1,0.7662012173290368
2,0.8195488721804511
3,0.9133548156104547
4,0.9194414607948443
5,0.900107411385607
6,0.9197994987468672
7,0.8213390619405656
8,0.9115646258503401
9,0.903329752953813
10,0.9194414607948441
