itration,accuracy
1,0.7662012173290368
2,0.8306480486931614
3,0.9137128535624776
4,0.9197994987468672
5,0.900107411385607
6,0.9197994987468672
7,0.911922663802363
8,0.9115646258503401
9,0.9036877909058361
10,0.9194414607948441
